model,data_type,factor_analysis,eps,min_samples,calinski_harabasz,davies_bouldin,silhouette
DBScan,scores,False,0.3,5,16.000373698822585,1.7444926990454284,-0.6126546174096208
DBScan,scores,False,0.3,10,58.703009643241806,2.9606624025730386,-0.5622782754393449
DBScan,scores,False,0.5,5,99.6825760532674,2.3087980764568212,-0.38866515044869837
DBScan,scores,False,0.5,10,679.4342731372802,7.208199514060506,-0.1044608008930599
DBScan,scores,False,0.7,5,605.1145816505557,3.71222084638483,0.036298144764446594
DBScan,scores,False,0.7,10,1332.7458922073436,8.323654371230958,0.3415428678694238
