model,data_type,factor_analysis,n_components,covariance_type,max_iter,calinski_harabasz,davies_bouldin,silhouette
GMM,scores,False,3,full,100,3584.31511255547,2.2934893401050807,0.1548176127630472
GMM,scores,False,3,tied,100,4445.459104729553,1.8938333447849585,0.15150977993560585
GMM,scores,False,5,full,100,4538.035055731505,1.791257344866939,0.1278332101072477
GMM,scores,False,5,tied,100,6299.162454003677,1.4511856256355367,0.13851653737703745
GMM,scores,False,7,full,100,3629.2777061878105,1.9295364950186944,0.09326578412256423
GMM,scores,False,7,tied,100,5088.635380434201,1.553084161018975,0.11537097466826089
