model,data_type,factor_analysis,n_clusters,batch_size,max_iter,calinski_harabasz,davies_bouldin,silhouette
KMeans,scores,False,3,64,100,5271.6253586252915,1.8620776311368366,0.12698172168270397
KMeans,scores,False,3,128,100,5729.560699205471,1.9017299306753088,0.14016385537088358
KMeans,scores,False,5,64,100,4382.665975873993,1.8339290489114728,0.11407157510937312
KMeans,scores,False,5,128,100,4579.583102165671,1.7816070724577138,0.11740230596804119
KMeans,scores,False,7,64,100,4171.505695930936,1.6882445877841314,0.11615610488251571
KMeans,scores,False,7,128,100,4115.391594752512,1.6840239222717386,0.11639889299042606
KMeans,scores,False,9,64,100,4004.982181422974,1.7781443135144102,0.1064433462996886
KMeans,scores,False,9,128,100,3219.244832940724,1.8311781147064927,0.10047758655604823
