model,data_type,factor_analysis,eps,min_samples,calinski_harabasz,davies_bouldin,silhouette,n_clusters_found
DBScan,scores+survey_answers,True,0.6,8,242.3770435090445,1.814780758306126,-0.06559803495290843,12
DBScan,scores+survey_answers,True,0.6,10,362.556559444577,2.034079271780394,0.0277412138563037,8
DBScan,scores+survey_answers,True,0.6,12,549.1494776727957,2.3701846804180877,0.10991452021452501,5
DBScan,scores+survey_answers,True,0.8,8,560.7115425120325,1.8196963063364349,0.30619468268514627,5
DBScan,scores+survey_answers,True,0.8,10,566.8625220596684,1.7799875880201759,0.3458744965049581,5
DBScan,scores+survey_answers,True,0.8,12,693.2298048774154,1.914161103001625,0.34171873753397486,4
DBScan,scores+survey_answers,True,1.0,8,685.8308972272247,1.773945571555475,0.4148057321766186,4
